DROP DATABASE IF EXISTS `sql_CookBook`;
CREATE DATABASE `sql_CookBook`;

USE `sql_CookBook`;

SET NAMES utf8 ;
SET character_set_client = utf8mb4 ;

CREATE TABLE `emp` (
  `EMPNO` SMALLINT(4) NOT NULL,
  `ENAME` VARCHAR(50) NOT NULL,
  `JOB` VARCHAR(15) NOT NULL,
  `MGR` SMALLINT(4),
  `HIREDATE` DATE NOT NULL,
  `SAL` SMALLINT(5) NOT NULL,
  `COMM` SMALLINT(5),
  `DEPTNO` TINYINT(2) NOT NULL  
) ENGINE=InnoDB DEFAULT CHARSET=utf8mb4 COLLATE=utf8mb4_0900_ai_ci;
INSERT INTO `emp` VALUES (7369, 'SMITH', 'CLERK', 7902, '2005-12-17', 800, NULL,20);
INSERT INTO `emp` VALUES (7499, 'ALLEN', 'SALESMAN', 7698, '2006-02-20', 1600, 300, 30);
INSERT INTO `emp` VALUES (7521, 'WARD', 'SALESMAN', 7698, '2006-02-22', 1250, 500, 30);
INSERT INTO `emp` VALUES (7566, 'JONES', 'MANAGER', 7839, '2006-04-02', 2975, NULL, 20);
INSERT INTO `emp` VALUES (7654, 'MARTIN', 'SALESMAN', 7698, '2006-09-28', 1250, 1400, 30);
INSERT INTO `emp` VALUES (7698, 'BLAKE', 'MANAGER', 7839, '2006-05-01', 2850, NULL, 30);
INSERT INTO `emp` VALUES (7782, 'CLARK', 'MANAGER', 7839, '2006-06-09', 2450, NULL, 10);
INSERT INTO `emp` VALUES (7788, 'SCOTT', 'ANALYST', 7566, '2007-12-09', 3000, NULL, 20);
INSERT INTO `emp` VALUES (7839, 'KING', 'PRESIDENT', NULL, '2006-11-17', 5000, NULL, 10);
INSERT INTO `emp` VALUES (7844, 'TURNER', 'SALESMAN', 7698, '2006-11-08', 1500, 0, 30);
INSERT INTO `emp` VALUES (7876, 'ADAMS', 'CLERK', 7788, '2008-01-12', 1100, NULL, 20);
INSERT INTO `emp` VALUES (7900, 'JAMES', 'CLERK', 7698, '2006-12-03', 950, NULL, 30);
INSERT INTO `emp` VALUES (7902, 'FORD', 'ANALYST', 7566, '2006-12-03', 3000, NULL, 20);
INSERT INTO `emp` VALUES (7934, 'MILLER', 'CLERK', 7782, '2007-01-23', 1300, NULL, 10);

CREATE TABLE `dept` (
  `DEPTNO` SMALLINT(2) NOT NULL,
  `DNAME` VARCHAR(20) NOT NULL,
  `LOC` VARCHAR(15) NOT NULL
) ENGINE=InnoDB DEFAULT CHARSET=utf8mb4 COLLATE=utf8mb4_0900_ai_ci;
INSERT INTO `dept` VALUES (10, 'ACCOUNTING', 'NEW YORK');
INSERT INTO `dept` VALUES (20, 'RESEARCH', 'DALLAS');
INSERT INTO `dept` VALUES (30, 'SALES', 'CHICAGO');
INSERT INTO `dept` VALUES (40, 'OPERATIONS', 'BOSTON');

CREATE TABLE `emp_bonus` (
  `EMPNO` INT(4) NOT NULL,
  `RECEIVED` DATE NOT NULL,
  `TYPE` SMALLINT(2) NOT NULL
) ENGINE=InnoDB DEFAULT CHARSET=utf8mb4 COLLATE=utf8mb4_0900_ai_ci;
INSERT INTO `emp_bonus` VALUES (7369, '2005-03-14', 1);
INSERT INTO `emp_bonus` VALUES (7900, '2005-03-14', 2);
INSERT INTO `emp_bonus` VALUES (7788, '2005-03-14', 3);
